Work Item ID,Work Type,Parent ID,Summary,Description,Assignee,Reporter,Priority,Status,Resolution,Labels,Components,Sprint,Story Points,Created,Comment
SP-1,Epic,,Employee shift calendar widget,"Service Portal widget where an employee logs one shift per day for a month, sees CO entitlements and submits the month for approval.",Rucha Joshi,Geetha Nallamada,High,Done,Done,widget,Employee Calendar UI Widget,Sprint 1,,05/Jun/26 10:00 AM,"19/Jun/26 05:00 PM;Rucha Joshi;Epic covers the employee side only. Manager actions on these same submissions live under SP-2, so the two widgets can ship independently."
SP-2,Epic,,Manager approval workflow,"Team approval queue with per-month tabs, bulk approve/reject, review drill-in, per-day correction and a cross-month history of the manager's own decisions.",Rucha Joshi,Geetha Nallamada,High,Done,Done,widget,Manager Approval UI Widget,Sprint 4,,05/Jun/26 10:00 AM,"31/Jul/26 05:00 PM;Rucha Joshi;Approval state deliberately lives on the monthly timesheet row rather than in a separate table. Simpler, at the cost recorded on SP-30."
SP-3,Epic,,Shared business rule layer,"Script Includes owning pay aggregation, the CO entitlement lifecycle and the calendar rules, all parameterised by user so the manager side can reuse them without forking.",Shashank Shukla,Geetha Nallamada,Highest,Done,Done,script-include,Script Includes,Sprint 3,,05/Jun/26 10:00 AM,"17/Jul/26 05:00 PM;Shashank Shukla;Highest risk epic in the project. Everything here is shared by two widgets, so a defect here is a defect in both."
SP-4,Epic,,Power BI reporting layer,Read-only reporting over the same tables built in Power BI Desktop against the Table API. Reimplements no shift or pay rule.,Geetha Nallamada,Geetha Nallamada,Medium,Done,Done,reporting,Power BI,Sprint 5,,05/Jun/26 10:00 AM,"14/Aug/26 05:00 PM;Geetha Nallamada;Read-only by design. If a number here disagrees with the widget, the widget is right and the report is wrong."
SP-5,Epic,,Test automation and evidence pack,"Playwright plus python-docx pack that drives the deployed widgets and produces branded Word evidence records. 40 documented cases, 9 automated.",Neha Chauhan,Geetha Nallamada,High,In Progress,,qa,testing,Sprint 4,,05/Jun/26 10:00 AM,05/Jun/26 10:00 AM;Neha Chauhan;The pack is deliberately honest about known defects rather than green. See SP-57 through SP-61.
SP-6,Epic,,Platform deployment and governance,"Deployment path through cnit, scope handling, one-time metadata sweeps and instance retargeting.",Shashank Shukla,Geetha Nallamada,Medium,Done,Done,platform,tools,Sprint 3,,05/Jun/26 10:00 AM,17/Jul/26 05:00 PM;Shashank Shukla;Most of the pain in this epic was tooling behaviour rather than our own code. Four traps are documented on the SP-62 sub-items.
SP-7,Epic,,Documentation and handover,"BRD, README, technical design and test case documents, all built from source so nothing is retyped between them.",Geetha Nallamada,Geetha Nallamada,Medium,In Progress,,docs,docs,Sprint 1,,05/Jun/26 10:00 AM,05/Jun/26 10:00 AM;Geetha Nallamada;Documents are generated from source so they cannot drift from what they describe.
SP-10,Story,SP-1,Month grid renders the signed-in user's submissions,"As an employee I see a month grid of my logged shifts so I can review the whole month at a glance. Server populates data, client copies off c.data at bootstrap, template renders c.",Rucha Joshi,Geetha Nallamada,High,Done,Done,widget,Employee Calendar UI Widget,Sprint 1,8,08/Jun/26 10:00 AM,19/Jun/26 05:00 PM;Rucha Joshi;Demoed with a real month pulled from the instance on 18 Jun. Sign-off given.
SP-11,Subtask,SP-10,Build the month grid template with day cells and shift chips,AngularJS 1.x template bound to controller c. Chip colour comes from catalogue color_hex with the pale tint derived in buildShiftTypes.,Rucha Joshi,Rucha Joshi,Medium,Done,Done,widget,Employee Calendar UI Widget,,,08/Jun/26 10:00 AM,19/Jun/26 05:00 PM;Rucha Joshi;Chip colour comes from the single stored colour on the catalogue row and the pale background tint is derived in code. Two stored colours would drift the first time someone edited one of them.
SP-12,Subtask,SP-10,Bootstrap c.entries and c.allowedShifts from c.data,Client copies the server data once at bootstrap and thereafter patches its local maps rather than reloading the page.,Rucha Joshi,Rucha Joshi,Medium,Done,Done,widget,Employee Calendar UI Widget,,,08/Jun/26 10:00 AM,19/Jun/26 05:00 PM;Rucha Joshi;Copying off c.data once at bootstrap keeps the template rendering c only. Every write returns fresh data and we patch the local maps from it.
SP-13,Subtask,SP-10,Namespace every custom class shift- in the SCSS,"BEM-light naming, Bootstrap 3 and Font Awesome assumed present from Service Portal.",Rucha Joshi,Rucha Joshi,Low,Done,Done,widget,Employee Calendar UI Widget,,,10/Jun/26 10:00 AM,19/Jun/26 05:00 PM;Rucha Joshi;Everything prefixed shift-. Bootstrap 3 and Font Awesome come from Service Portal so neither is bundled.
SP-14,Story,SP-1,Save change and clear a single day,"As an employee I can set, change or clear the shift on one day and see the month totals update without a reload.",Rucha Joshi,Geetha Nallamada,High,Done,Done,widget,Employee Calendar UI Widget,Sprint 2,8,15/Jun/26 10:00 AM,"03/Jul/26 05:00 PM;Rucha Joshi;Totals recompute on the client from the patched maps, so a day change costs no page reload."
SP-15,Subtask,SP-14,handleAction dispatch for saveDay and clearDay,Every write re-runs the whole server script; handleAction(input) dispatches on input.action and returns fresh data.,Shashank Shukla,Rucha Joshi,High,Done,Done,server-script,Employee Calendar UI Widget,,,22/Jun/26 10:00 AM,03/Jul/26 05:00 PM;Shashank Shukla;handleAction is the single entry point for every write. Adding an action means adding a branch here and nowhere else.
SP-16,Subtask,SP-14,Patch local maps and call refresh after a write,Avoids a full page reload; c.recalc recomputes the client-side totals from the patched maps.,Rucha Joshi,Rucha Joshi,Medium,Done,Done,widget,Employee Calendar UI Widget,,,22/Jun/26 10:00 AM,03/Jul/26 05:00 PM;Rucha Joshi;Deliberately not calling a full reload. The server already returned fresh data alongside the write response.
SP-17,Story,SP-1,Bulk apply a shift across a date range,As an employee I can apply one shift type to a range of days so a normal month takes a few clicks.,Rucha Joshi,Geetha Nallamada,Medium,Done,Done,widget,Employee Calendar UI Widget,Sprint 2,5,22/Jun/26 10:00 AM,03/Jul/26 05:00 PM;Rucha Joshi;Range apply covers the common case of an ordinary month in a few clicks.
SP-18,Subtask,SP-17,Reject CO and compound-OC shifts in bulkSave,blocksBulk deliberately refuses grants_co and consumes_co in a bulk write; those need the per-day entitlement transaction.,Shashank Shukla,Rucha Joshi,High,Done,Done,server-script,Employee Calendar UI Widget,,,24/Jun/26 10:00 AM,"03/Jul/26 05:00 PM;Shashank Shukla;Refused server-side, not merely hidden in the dropdown. The server call is reachable from the browser with any payload, so a client-only guard is no guard at all."
SP-19,Story,SP-1,Submit a month for approval and lock it,As an employee I submit a completed month; a lock row makes it read-only until the manager acts. Rejection reopens it for editing.,Rucha Joshi,Geetha Nallamada,High,Done,Done,widget,Employee Calendar UI Widget,Sprint 3,5,06/Jul/26 10:00 AM,"17/Jul/26 05:00 PM;Rucha Joshi;The lock is the presence of a row. A rejected row does not count as locked, which is what reopens the month for editing."
SP-20,Subtask,SP-19,Convert month index m+1 on every lock and summary read or write,"Client, data.month and input.month are 0-indexed; the stored u_month column is 1-indexed. The conversion happens at the table boundary.",Shashank Shukla,Rucha Joshi,Highest,Done,Done,server-script,Employee Calendar UI Widget,,,06/Jul/26 10:00 AM,"17/Jul/26 05:00 PM;Shashank Shukla;The number one footgun in this codebase. Client and input months are 0-indexed, the stored column is 1-indexed, and the conversion happens only at the table boundary."
SP-21,Story,SP-1,Landing page with links to calendar and approvals,Simple ShiftPay home screen greeting the signed-in user by first name with configurable Service Portal page IDs for both destinations.,Rucha Joshi,Geetha Nallamada,Low,Done,Done,widget,Landing Page UI Widget,Sprint 1,3,08/Jun/26 10:00 AM,"19/Jun/26 05:00 PM;Rucha Joshi;Both destination page IDs are widget options rather than hardcoded, so the portal can be restructured without a code change."
SP-22,Story,SP-2,Per-month approval queue with tabs and search,As a manager I see the submitted months of my reportees grouped by month with a search box and a stat strip.,Rucha Joshi,Geetha Nallamada,High,Done,Done,widget,Manager Approval UI Widget,Sprint 4,8,20/Jul/26 10:00 AM,"31/Jul/26 05:00 PM;Rucha Joshi;Tabs are per month, with the search box filtering the visible set only."
SP-23,Subtask,SP-22,Derive bulk selection from visible rows only,A row filtered out by tab or search can never be swept into a bulk action.,Rucha Joshi,Rucha Joshi,High,Done,Done,widget,Manager Approval UI Widget,,,22/Jul/26 10:00 AM,"31/Jul/26 05:00 PM;Rucha Joshi;Raised by Neha. A manager filtering the list and then clicking select all must not sweep in hidden rows, so the selection now derives from the visible rows."
SP-24,Story,SP-2,Approve or reject singly and in bulk with per-row guards,"Bulk loops actionOne rather than issuing a bulk query, so every authorisation and state guard applies per row.",Rucha Joshi,Geetha Nallamada,High,Done,Done,widget,Manager Approval UI Widget,Sprint 4,8,20/Jul/26 10:00 AM,"31/Jul/26 05:00 PM;Rucha Joshi;Bulk loops the single-row action rather than issuing one bulk query, so every authorisation and state guard applies per row. Slower and correct."
SP-25,Subtask,SP-24,actionOne returns its refusal instead of raising,Single-row path shows the refusal immediately; the bulk path collects the distinct reasons into one summary.,Shashank Shukla,Rucha Joshi,High,Done,Done,server-script,Manager Approval UI Widget,,,23/Jul/26 10:00 AM,31/Jul/26 05:00 PM;Shashank Shukla;Returning the refusal rather than throwing is what lets the bulk path collect distinct reasons into a single summary.
SP-26,Story,SP-2,Review drill-in with per-shift-type cost,As a manager I can open one month and see the day-by-day detail and the cost broken down by shift type before deciding.,Rucha Joshi,Geetha Nallamada,Medium,Done,Done,widget,Manager Approval UI Widget,Sprint 5,5,03/Aug/26 10:00 AM,14/Aug/26 05:00 PM;Rucha Joshi;Cost is broken down per shift type so a manager can see what they are approving before they approve it.
SP-27,Story,SP-2,Manager day correction with mandatory reason,"As a manager I can fix one wrong day on a submitted month with a reason recorded, without minting an exception the employee could not have logged.",Shashank Shukla,Geetha Nallamada,High,Done,Done,approvals,Manager Approval UI Widget,Sprint 5,13,03/Aug/26 10:00 AM,14/Aug/26 05:00 PM;Shashank Shukla;Highest risk story in this epic because it lets a manager change someone else's logged day. Guarded on SP-28 and audited on SP-29.
SP-28,Subtask,SP-27,Gate correctDay on assertReportee and isAllowedOn for that reportee,Also checks the month is in submitted status and that the date really falls inside the displayed month.,Shashank Shukla,Shashank Shukla,Highest,Done,Done,security,Manager Approval UI Widget,,,04/Aug/26 10:00 AM,"14/Aug/26 05:00 PM;Shashank Shukla;A manager may fix a mistake, not mint an exception. The new shift goes through the same allowed check as the employee, evaluated for that reportee rather than for the manager."
SP-29,Subtask,SP-27,Write an audit row per correction,"The audit table carries user, date, previous_shift, new_shift, reason, changed_by and changed_on. The employee's own comment on the day is left alone.",Divya Maram,Shashank Shukla,High,Done,Done,data,Manager Approval UI Widget,,,05/Aug/26 10:00 AM,14/Aug/26 05:00 PM;Divya Maram;The employee's own comment on the day is left untouched. That is their note. The reason for the change belongs in the audit row.
SP-30,Story,SP-2,History tab scoped by approver equals me,"Read-only, spans every month, so the month picker and stat strip are hidden on it. A decision stays yours when someone changes team.",Rucha Joshi,Geetha Nallamada,Medium,Done,Done,widget,Manager Approval UI Widget,Sprint 6,5,17/Aug/26 10:00 AM,"28/Aug/26 05:00 PM;Rucha Joshi;Scoped by approver equals me, so a decision stays yours when someone changes team and the query cannot return anyone else's. Known limitation carried forward as SP-81."
SP-31,Story,SP-2,show_pay_amounts strips money server-side,"Money is removed from data rather than hidden in the template, because the server call is reachable from the browser with any payload.",Shashank Shukla,Geetha Nallamada,High,Done,Done,security,Manager Approval UI Widget,Sprint 6,3,17/Aug/26 10:00 AM,28/Aug/26 05:00 PM;Shashank Shukla;Money is stripped from the response server-side rather than hidden in the template. Hiding it in the template leaves it sitting in the network tab.
SP-32,Story,SP-3,Extract ShiftPayAggregator parameterised by user,"Weekly and monthly aggregation with the rate snapshot. It was inline in the calendar server script hard-wired to the session user, which made it unusable from the manager side.",Shashank Shukla,Geetha Nallamada,Highest,Done,Done,script-include,Script Includes,Sprint 3,8,06/Jul/26 10:00 AM,17/Jul/26 05:00 PM;Shashank Shukla;Extracted rather than copied. A second copy of payroll maths that drifts is a pay bug with a delayed fuse.
SP-33,Subtask,SP-32,Aggregates are recomputed not incremented,"After any day change recompute(dates) deletes and rewrites the affected month row and each affected week row, snapshotting the current rate.",Shashank Shukla,Shashank Shukla,High,Done,Done,script-include,Script Includes,,,07/Jul/26 10:00 AM,"17/Jul/26 05:00 PM;Shashank Shukla;Delete then insert per shift type. Incrementing drifts the moment one write fails halfway, and there is no cheap way to detect that it has."
SP-34,Story,SP-3,Extract ShiftPayEntitlements with the CO lifecycle,"Owns the entitlement table, the weekday-window arithmetic and the ordering rules for changing a day that grants or consumes a CO.",Shashank Shukla,Geetha Nallamada,Highest,Done,Done,script-include,Script Includes,Sprint 3,13,06/Jul/26 10:00 AM,"17/Jul/26 05:00 PM;Shashank Shukla;The ordering rules are the hard part here, not the table. See SP-35."
SP-35,Subtask,SP-34,Three-phase day-change transaction,"releasePrevious then write the day then commitForNew, with reserveForNew in between claiming the entitlement a CO needs. Pass a null new shift when clearing so the refusal wording is Cannot clear.",Shashank Shukla,Shashank Shukla,Highest,Done,Done,script-include,Script Includes,,,08/Jul/26 10:00 AM,"17/Jul/26 05:00 PM;Shashank Shukla;The entitlement decision has to be made before the day row exists and recorded after it is written, which is why this is three phases rather than one call."
SP-36,Subtask,SP-34,Seven weekday entitlement window,The window counts weekdays not calendar days; the consuming shift is only selectable on a weekday inside an unconsumed window.,Divya Maram,Shashank Shukla,High,Done,Done,co,Script Includes,,,08/Jul/26 10:00 AM,"17/Jul/26 05:00 PM;Divya Maram;Confirmed with Geetha on 8 Jul: seven weekdays, not seven calendar days. A window that expires over a long weekend defeats the purpose of the entitlement."
SP-37,Story,SP-3,ShiftPayCalendarRules owns catalogue holidays and allow flags,Composes the allowed-shift list per date and per month. A caller that knows only a user sys_id gets the whole rule set from the constructor.,Shashank Shukla,Geetha Nallamada,High,Done,Done,script-include,Script Includes,Sprint 4,8,20/Jul/26 10:00 AM,31/Jul/26 05:00 PM;Shashank Shukla;A caller that knows only a user sys_id gets the whole rule set from the constructor. That is what made the manager widget cheap to build.
SP-38,Subtask,SP-37,Rules builds and owns the Entitlements instance,"Callers use rules.entitlements() rather than constructing one alongside, or the catalogue gets read twice and the semantics can disagree.",Shashank Shukla,Shashank Shukla,High,Done,Done,script-include,Script Includes,,,21/Jul/26 10:00 AM,31/Jul/26 05:00 PM;Shashank Shukla;Constructing an entitlements instance alongside rules reads the catalogue twice and the two copies can then disagree about semantics. Always ask rules for it.
SP-39,Story,SP-3,Shift semantics are data-driven and keyed by sys_id,Display name and description become cosmetic; meaning moves into catalogue columns so renaming a shift type changes no behaviour.,Divya Maram,Geetha Nallamada,High,Done,Done,data,Script Includes,Sprint 2,8,22/Jun/26 10:00 AM,03/Jul/26 05:00 PM;Divya Maram;The property to protect is that renaming a shift type in production changes no behaviour. Neha holds a case asserting exactly that.
SP-40,Subtask,SP-39,Add the semantic catalogue columns,"oc_role, allow_weekday, allow_weekend_holiday, day_category and color_hex. New columns on this application's tables are created without the u_ prefix.",Divya Maram,Divya Maram,High,Done,Done,data,Script Includes,,,23/Jun/26 10:00 AM,03/Jul/26 05:00 PM;Divya Maram;New columns on this application's tables go in without the u_ prefix. Pre-existing u_ fields keep their names.
SP-41,Subtask,SP-39,Backfill semantics onto existing catalogue rows,"Run as a Fix Script rather than a background script, so the scope it will run in is readable before anything executes.",Divya Maram,Divya Maram,Medium,Done,Done,data,One Time Scripts,,,24/Jun/26 10:00 AM,"03/Jul/26 05:00 PM;Divya Maram;Run as a Fix Script rather than a background script, so the scope it will run in can be read back and asserted before anything executes."
SP-42,Subtask,SP-39,validateCatalogue raises a configError banner,"Set when any active row lacks day_category, or when CO is enabled but no consuming shift type exists.",Shashank Shukla,Divya Maram,Medium,Done,Done,server-script,Employee Calendar UI Widget,,,25/Jun/26 10:00 AM,03/Jul/26 05:00 PM;Shashank Shukla;Fails loudly with a banner rather than behaving unpredictably on a half-configured catalogue.
SP-43,Story,SP-4,Power BI model over the Table API,"Built in Power BI Desktop, free and with no account. The file ships with its data cached so a demo needs only Desktop installed.",Geetha Nallamada,Geetha Nallamada,Medium,Done,Done,reporting,Power BI,Sprint 5,8,03/Aug/26 10:00 AM,"14/Aug/26 05:00 PM;Geetha Nallamada;The file ships with its data cached, so a demo needs Power BI Desktop installed and nothing else. No account and no gateway."
SP-44,Subtask,SP-43,Table API queries and refresh notes,"One query per table with only the columns the report uses, so a schema change surfaces as a named missing column rather than a blank visual.",Divya Maram,Geetha Nallamada,Medium,Done,Done,reporting,Power BI,,,04/Aug/26 10:00 AM,"14/Aug/26 05:00 PM;Divya Maram;Each query selects only the columns the report actually uses, so a schema change surfaces as a named missing column instead of a silently empty visual."
SP-45,Story,SP-4,Money measures read the summary snapshot only,"Amount and rate snapshot come from the summary table, never from live catalogue rates, so a rate change cannot rewrite history.",Geetha Nallamada,Geetha Nallamada,Highest,Done,Done,reporting,Power BI,Sprint 5,5,03/Aug/26 10:00 AM,14/Aug/26 05:00 PM;Geetha Nallamada;Money comes from the summary snapshot and never from live catalogue rates. Otherwise a single rate change silently rewrites payroll history.
SP-46,Subtask,SP-45,Filter period type to month on every money measure,The summary table holds clipped week rows alongside month rows; without the filter every money figure double-counts.,Divya Maram,Geetha Nallamada,Highest,Done,Done,reporting,Power BI,,,05/Aug/26 10:00 AM,14/Aug/26 05:00 PM;Divya Maram;The filter lives in the base measure so no page-level visual can forget it. Without it every money figure double-counts the clipped week rows.
SP-47,Story,SP-4,Monthly cost by shift type and by manager,Two report pages plus a drill-through to the day-level detail for one employee month.,Divya Maram,Geetha Nallamada,Medium,Done,Done,reporting,Power BI,Sprint 6,5,17/Aug/26 10:00 AM,28/Aug/26 05:00 PM;Divya Maram;Includes a drill-through to the day-level detail for a single employee month.
SP-48,Story,SP-4,Rebuild runbook for the report,"The Power BI README documents the rebuild from an empty Desktop install, including the two rules the model must not break.",Geetha Nallamada,Geetha Nallamada,Low,Done,Done,docs,Power BI,Sprint 6,3,19/Aug/26 10:00 AM,28/Aug/26 05:00 PM;Geetha Nallamada;Written against the assumption of a machine with nothing installed and no account.
SP-49,Story,SP-5,Playwright harness drives the deployed widgets,"One command runs a case end to end: sign in, open a browser, drive the widget, write the evidence record.",Neha Chauhan,Geetha Nallamada,High,Done,Done,qa,testing,Sprint 4,8,20/Jul/26 10:00 AM,"31/Jul/26 05:00 PM;Neha Chauhan;One command per case: sign in, drive the widget, write the evidence record."
SP-50,Subtask,SP-49,Table API helper for setup and teardown,"Writing cases touch only the calendar of the signed-in account, two months ahead, and reverse themselves.",Neha Chauhan,Neha Chauhan,High,Done,Done,qa,testing,,,21/Jul/26 10:00 AM,"31/Jul/26 05:00 PM;Neha Chauhan;Hard constraint, to be kept permanently. Writing cases touch only the signed-in account's own calendar, two months ahead, and reverse themselves. Nothing in the pack approves, rejects or corrects a timesheet."
SP-51,Subtask,SP-49,Widget selectors and date maths in one library,Keeping every selector and the month arithmetic in one file makes a template change a one-file fix.,Neha Chauhan,Neha Chauhan,Medium,Done,Done,qa,testing,,,22/Jul/26 10:00 AM,"31/Jul/26 05:00 PM;Neha Chauhan;Every selector and the month arithmetic in one file, so a template change is a one-file fix rather than a hunt through nine specs."
SP-52,Story,SP-5,Word evidence records generated from run JSON,"The documents merge the case definition with the run output, so a document cannot claim an expected result the spec does not contain.",Neha Chauhan,Geetha Nallamada,High,Done,Done,qa,testing,Sprint 5,8,03/Aug/26 10:00 AM,"14/Aug/26 05:00 PM;Neha Chauhan;The documents merge the case definition with the run output, so a document cannot claim an expected result the spec does not contain."
SP-53,Subtask,SP-52,Parse the case spec markdown,The case parser reads the test case markdown; its heading and pipe-table metadata format is the contract.,Neha Chauhan,Neha Chauhan,Medium,Done,Done,qa,testing,,,04/Aug/26 10:00 AM,14/Aug/26 05:00 PM;Neha Chauhan;The heading and pipe-table metadata shape in the spec is a contract. Keep it when adding cases.
SP-54,Subtask,SP-52,House style isolated to one module,branding.py holds the house style and is the only file to touch for a rebrand.,Neha Chauhan,Neha Chauhan,Low,Done,Done,qa,testing,,,05/Aug/26 10:00 AM,14/Aug/26 05:00 PM;Neha Chauhan;A rebrand is one file. Nothing else in the generator knows about house style.
SP-55,Story,SP-5,Forty documented cases with nine automated,The test case markdown is the single source of truth for what a case is; nothing is retyped between spec and evidence.,Neha Chauhan,Geetha Nallamada,High,Done,Done,qa,testing,Sprint 6,8,17/Aug/26 10:00 AM,"28/Aug/26 05:00 PM;Neha Chauhan;Three of the nine automated cases are expected to fail. A fully green run means the assertions broke, not that the product improved."
SP-56,Story,SP-5,Re-run the pack on the new instance,Six pass and the right three fail on dev227442. A fully green run is the broken one.,Neha Chauhan,Geetha Nallamada,High,Done,Done,qa,testing,Sprint 7,3,31/Aug/26 10:00 AM,"03/Sept/26 05:00 PM;Neha Chauhan;Re-run on dev227442 after the retarget. Six pass, three fail, and the three that fail are the three that should."
SP-57,Bug,SP-5,Server refusals are invisible and the calendar repaints as success,"TC-SP-004. The save, clear and bulk client paths branch on an error field the server never sets, using addErrorMessage in all six refusal paths. The Manager Approval widget shows the correct pattern.",Rucha Joshi,Neha Chauhan,Highest,Open,,defect,Employee Calendar UI Widget,Sprint 7,5,10/Aug/26 10:00 AM,"10/Aug/26 10:00 AM;Rucha Joshi;Root cause found on 30 Jun. The client branches on an error field the server never sets, and all six refusal paths use addErrorMessage, which never reaches the widget response. So a refused write both fails silently and repaints as a success. Fix is in progress on both halves. The Manager Approval widget already shows the correct pattern."
SP-58,Bug,SP-5,Saturday offers six shift types where the rules allow four,"TC-SP-005. Two catalogue rows carry allow_weekend_holiday true that should not. A data fix, not a code fix.",Divya Maram,Neha Chauhan,High,In Progress,,defect,Script Includes,Sprint 7,3,11/Aug/26 10:00 AM,"11/Aug/26 10:00 AM;Divya Maram;The rule engine is behaving correctly and the catalogue is wrong, so this is a data fix. It will be applied as a Fix Script with the case re-run immediately after, so the case goes green for a reason we can name."
SP-59,Bug,SP-5,Manager lead tile bound to the wrong count,TC-SP-009. The lead stat tile reads the all count instead of the submitted count. Deliberate demo defect; fixing it requires updating the test case spec in the same change or the pack goes green for no visible reason.,Rucha Joshi,Neha Chauhan,Medium,Open,,defect,Manager Approval UI Widget,Sprint 7,2,12/Aug/26 10:00 AM,"12/Aug/26 10:00 AM;Rucha Joshi;Deliberate demo defect, agreed with Geetha on 12 Aug. Chosen because the counts are display-only and no write path reads them, so it cannot affect data. Whoever fixes it must update the test case spec in the same change, or the pack goes green for no visible reason."
SP-60,Bug,SP-5,Holiday schedule property does not exist,"TC-SP-030. The property the holiday lookup reads was never created, so no date is ever a holiday and nothing warns. Recorded but not automated because it produces no screenshot.",Shashank Shukla,Neha Chauhan,High,Open,,defect,Script Includes,Sprint 7,3,13/Aug/26 10:00 AM,"13/Aug/26 10:00 AM;Shashank Shukla;The property the holiday lookup reads was never created, and no property in that namespace exists at all. The lookup returns empty, every date classifies as a weekday or weekend, and nothing warns. Not automated because it produces no screenshot."
SP-61,Bug,SP-5,Calendar default option table names name no table,"TC-SP-031. The five defaults in the server script fall back to names that do not exist, so the widget runs only on the portal instance overrides.",Shashank Shukla,Neha Chauhan,Medium,Open,,defect,Employee Calendar UI Widget,Sprint 7,2,13/Aug/26 10:00 AM,13/Aug/26 10:00 AM;Shashank Shukla;The widget only runs because the portal instance overrides all five table names. On the defaults alone it would not find a table.
SP-62,Story,SP-6,Repeatable deployment path for widgets and script includes,"Writes go through the instance CLI, always after confirming which account is authenticated.",Shashank Shukla,Geetha Nallamada,High,Done,Done,deployment,tools,Sprint 3,5,06/Jul/26 10:00 AM,"17/Jul/26 05:00 PM;Shashank Shukla;Four traps are documented across the sub-items, and all four were hit for real during this sprint."
SP-63,Subtask,SP-62,Deploy script with a round-trip guard,"The deploy helper builds an ASCII-escaped, newline-normalised body file and refuses to emit one that does not round-trip. A push can return HTTP 200 and store garbage.",Shashank Shukla,Shashank Shukla,Highest,Done,Done,deployment,tools,,,07/Jul/26 10:00 AM,"17/Jul/26 05:00 PM;Shashank Shukla;A push can return HTTP 200 and store garbage, so the helper refuses to emit a body that does not round-trip and prints the readback command alongside the push."
SP-64,Subtask,SP-62,Always read back by query never by sys_id parameter,"The CLI get verb ignores the sys_id parameter and silently returns the first row of the whole table, so a readback verified that way can be a different record.",Shashank Shukla,Shashank Shukla,High,Done,Done,deployment,tools,,,09/Jul/26 10:00 AM,"17/Jul/26 05:00 PM;Shashank Shukla;The CLI get verb ignores the sys_id parameter and silently returns the first row of the whole table, so a readback verified that way can be a completely different record. Always query by sys_id in the encoded query."
SP-65,Subtask,SP-62,Confirm exactly one record after every create,Create is not idempotent and nothing warns you. A double create produced two active Script Includes sharing one API name eleven seconds apart.,Shashank Shukla,Shashank Shukla,High,Done,Done,deployment,tools,,,10/Jul/26 10:00 AM,"17/Jul/26 05:00 PM;Shashank Shukla;Create is not idempotent and nothing warns you. A double create produced two active Script Includes sharing one API name eleven seconds apart, which the platform then resolves unpredictably."
SP-66,Story,SP-6,Retire the legacy account from every application artifact,"The retired account must not appear as a shift owner, manager, approver or in the created and updated by fields on anything new.",Shashank Shukla,Geetha Nallamada,High,Done,Done,governance,One Time Scripts,Sprint 6,8,17/Aug/26 10:00 AM,"28/Aug/26 05:00 PM;Shashank Shukla;Confined by scope, not by user. A dry run matching on the account alone offered to rewrite two unrelated widgets and a Script Include authored by someone else and merely touched by the retired account."
SP-67,Subtask,SP-66,Sweep the metadata base table rather than a hand-listed set,The first pass listed seven tables and reported zero while 36 rows in nine other metadata classes were still wrongly stamped. Scope confines the sweep so new classes are covered without editing the script.,Shashank Shukla,Shashank Shukla,Highest,Done,Done,governance,One Time Scripts,,,18/Aug/26 10:00 AM,"28/Aug/26 05:00 PM;Shashank Shukla;The first pass enumerated seven tables, reported zero and looked finished while 36 rows across nine other metadata classes were still wrongly stamped. Querying the base class and letting scope confine it covers new classes without editing the script."
SP-68,Subtask,SP-66,Standing check that the sweep returns zero,A single query catches a wrong-profile stamp whatever class it lands on. Deletion tombstones are excluded deliberately.,Neha Chauhan,Shashank Shukla,Medium,Done,Done,governance,One Time Scripts,,,19/Aug/26 10:00 AM,"28/Aug/26 05:00 PM;Neha Chauhan;One query, and it catches a wrong-profile stamp whatever class it lands on. Deletion tombstones are excluded deliberately: rewriting who deleted what is falsifying history."
SP-69,Story,SP-6,Retarget the application and test pack to the new instance,Instance URL and login move to the gitignored connection file; the pack and the documents point at dev227442.,Shashank Shukla,Geetha Nallamada,High,Done,Done,platform,tools,Sprint 7,5,31/Aug/26 10:00 AM,03/Sept/26 05:00 PM;Shashank Shukla;Credentials stay out of the repository. The instance URL and login live in a gitignored file that travels in the folder ZIP.
SP-70,Subtask,SP-69,Three-track install runbook,"SETUP.md splits the Power BI demo, the test pack and widget deployment into independent tracks so nobody hunts for a build step that never existed.",Divya Maram,Shashank Shukla,Medium,Done,Done,docs,docs,,,31/Aug/26 10:00 AM,"03/Sept/26 05:00 PM;Divya Maram;Three independent tracks, each listing only its own dependencies, plus an explicit statement that most of the repository has no build step so nobody goes hunting for one."
SP-71,Story,SP-7,Business requirements signed off,"Shift logging, CO entitlement, approval and pay computation in scope; table ACLs explicitly out of scope for the proof of concept.",Geetha Nallamada,Geetha Nallamada,High,Done,Done,docs,docs,Sprint 1,5,05/Jun/26 10:00 AM,"19/Jun/26 05:00 PM;Geetha Nallamada;Table ACLs are explicitly out of scope for the proof of concept. That is a scope decision, not an oversight. SP-82 carries the work if this goes to production."
SP-72,Story,SP-7,Data model roles and business rules documented,"The README documents the five tables, the roles and the rules in depth. Read before changing behaviour.",Geetha Nallamada,Geetha Nallamada,Medium,Done,Done,docs,docs,Sprint 2,5,22/Jun/26 10:00 AM,03/Jul/26 05:00 PM;Geetha Nallamada;Read this before changing any behaviour. The month indexing rule and the CO ordering rules are both documented here.
SP-73,Story,SP-7,Technical design and test case documents built from source,"Generated rather than written, so the documents cannot drift from the spec they describe.",Geetha Nallamada,Geetha Nallamada,Medium,Done,Done,docs,tools,Sprint 7,5,31/Aug/26 10:00 AM,"03/Sept/26 05:00 PM;Geetha Nallamada;Generated rather than written, so the documents cannot drift from the spec they describe. Closed 03 Sep. Both documents now build from source and the generated PDFs are in the repository root. Verified by regenerating from a clean checkout and diffing against the committed output: identical, so the build is reproducible rather than a one-off."
SP-74,Subtask,SP-73,BRD PDF builder,Renders the markdown business requirements document to the branded PDF.,Shashank Shukla,Geetha Nallamada,Low,Done,Done,docs,tools,,,31/Aug/26 10:00 AM,03/Sept/26 05:00 PM;Shashank Shukla;Renders the markdown business requirements document to the branded PDF.
SP-75,Subtask,SP-73,Technical document PDF builder,Second builder sharing the layout helpers with the BRD builder.,Shashank Shukla,Geetha Nallamada,Low,Done,Done,docs,tools,,,01/Sept/26 10:00 AM,"03/Sept/26 05:00 PM;Shashank Shukla;Shares its layout helpers with the BRD builder so the two documents stay visually consistent. Closed 03 Sep. Builder is working and shares its layout helpers with the BRD builder, so a change to page furniture lands in both documents at once. Output checked page by page against the markdown source. No section dropped and no heading level lost."
SP-76,Story,SP-7,Handover walkthrough for the support team,"One session covering the widget contract, the three Script Includes, the deployment traps and the test pack, with the deck kept in the repository.",Geetha Nallamada,Geetha Nallamada,Medium,To Do,,docs,docs,Sprint 7,3,01/Sept/26 10:00 AM,"01/Sept/26 10:00 AM;Geetha Nallamada;One session covering the widget contract, the three Script Includes, the deployment traps and the test pack. Targeting 11 Sep."
SP-80,Story,SP-3,Re-aggregate a deactivated shift type at its snapshot rate,"The aggregator rate map reads active catalogue rows only, so a shift type deactivated after being logged re-aggregates at zero.",Divya Maram,Shashank Shukla,Medium,To Do,,backlog,Script Includes,,5,15/Jul/26 10:00 AM,"15/Jul/26 10:00 AM;Divya Maram;Logged separately from SP-33 on Geetha's instruction so the extraction stayed behaviour-neutral and therefore reviewable. It is a known wart, preserved deliberately, not an accident. Fixing it means reading the rate from the summary snapshot rather than the live catalogue."
SP-81,Story,SP-2,Separate approval audit table so a resubmission does not erase a past rejection,"Resubmission clears the approver fields, so a rejection the employee has since fixed disappears from the History tab.",Rucha Joshi,Geetha Nallamada,Medium,To Do,,backlog,Manager Approval UI Widget,,8,21/Aug/26 10:00 AM,"21/Aug/26 10:00 AM;Rucha Joshi;Accepted cost of keeping approval state on the timesheet row, agreed with Geetha on 21 Aug and documented as a known limitation rather than a defect. If the client wants a full approval trail this becomes a separate table and the History tab reads from it instead."
SP-82,Story,SP-6,Write table ACLs for a production deployment,The five application tables have no ACLs. The application runs as an account that bypasses them.,Shashank Shukla,Geetha Nallamada,High,To Do,,backlog,Script Includes,,13,05/Jun/26 10:00 AM,"05/Jun/26 10:00 AM;Shashank Shukla;Out of scope for the proof of concept by explicit decision on SP-71, and parked here so the decision is visible rather than forgotten. Note this does not weaken the widget-level guards, which are the real access control today and must stay rigorous either way."
SP-83,Story,SP-5,Assert the two configuration findings as a pre-flight check,"TC-SP-030 and TC-SP-031 are real findings that produce no screenshot, so neither is automated today.",Neha Chauhan,Neha Chauhan,Medium,To Do,,backlog,testing,,5,13/Aug/26 10:00 AM,13/Aug/26 10:00 AM;Neha Chauhan;A pre-flight step that asserts the holiday property exists and that each of the five configured table names resolves to a real table would catch both without needing a screenshot. Would also catch the same class of misconfiguration on any future instance move.
SP-84,Story,SP-1,Show the remaining CO balance on the landing page,An employee currently has to open the calendar and read the legend to know whether they hold an unconsumed entitlement.,Rucha Joshi,Geetha Nallamada,Medium,Done,Done,backlog,Landing Page UI Widget,Sprint 7,5,24/Aug/26 10:00 AM,"03/Sept/26 05:00 PM;Rucha Joshi;Requested informally during the sprint 6 demo. The number already exists in the entitlements Script Include, so this is a display change and needs no new rule logic. Read it through rules.entitlements rather than querying the table directly. Pulled into sprint 7 on 01 Sep and closed 03 Sep. Reads the balance through rules.entitlements rather than querying the entitlement table directly, so it cannot disagree with what the calendar allows. Display only, no new rule logic, and the landing page still renders for a user who holds no entitlement."
SP-85,Story,SP-4,Scheduled dataset refresh instead of a cached file,"The report file ships with cached data, which is right for a demo but means the numbers are frozen at build time.",Divya Maram,Geetha Nallamada,Low,To Do,,backlog,Power BI,,8,26/Aug/26 10:00 AM,"26/Aug/26 10:00 AM;Divya Maram;Deliberately deferred. A scheduled refresh needs a gateway and a service account, which the proof of concept was scoped to avoid. Both money rules on SP-45 and SP-46 must survive the move unchanged."
SP-86,Story,SP-2,Export an approved month to a payroll handoff file,Approved months currently stop at the timesheet row. Payroll has no file to consume.,Divya Maram,Geetha Nallamada,High,To Do,,backlog,Manager Approval UI Widget,,8,28/Aug/26 10:00 AM,"28/Aug/26 10:00 AM;Divya Maram;Must read amounts from the summary snapshot, exactly as the reporting layer does, so the export and the report can never disagree. Should refuse to export a month that is not in approved status rather than exporting a provisional figure."
SP-87,Story,SP-1,Half-day and partial shift support,One shift per day per user is currently a hard assumption in the submission table and the aggregator.,Rucha Joshi,Geetha Nallamada,Low,To Do,,backlog,Employee Calendar UI Widget,,13,29/Aug/26 10:00 AM,"29/Aug/26 10:00 AM;Rucha Joshi;Flagged as a likely phase two ask, not a committed requirement. It touches the one-row-per-day assumption in the submission table, the aggregator and the entitlement window, so it is a genuine redesign rather than a widget change. Do not start it without a BRD amendment."
SP-88,Story,SP-1,Responsive layout for the calendar on small screens,The month grid assumes a desktop viewport; on a phone the day cells collapse.,Rucha Joshi,Rucha Joshi,Low,To Do,,backlog,Employee Calendar UI Widget,,5,29/Aug/26 10:00 AM,"29/Aug/26 10:00 AM;Rucha Joshi;Not raised by the client, logged by me after testing on a phone during the sprint 6 demo. Field staff are the people most likely to log a shift away from a desk, so this is worth surfacing even though nobody has asked for it."
SP-89,Story,SP-2,Bulk day correction across a date range for a manager,"Day correction is one day at a time, which is slow when an employee has logged a whole week wrongly.",Shashank Shukla,Geetha Nallamada,Low,To Do,,backlog,Manager Approval UI Widget,,8,01/Sept/26 10:00 AM,"01/Sept/26 10:00 AM;Shashank Shukla;Deliberately not built in sprint 5. Bulk correction would have to loop the single-day action to keep the reportee assertion, the allowed-shift check and the three-phase entitlement transaction per day, the same reasoning as SP-24. Cheap to add on that basis, and wrong to add any other way."
SP-90,Subtask,SP-56,Regression pass over the six passing cases after the retarget,"Re-run the six cases that pass, on dev227442, and confirm each fails for no new reason.",Neha Chauhan,Neha Chauhan,Medium,Done,Done,qa,testing,Sprint 7,,02/Sept/26 10:00 AM,"03/Sept/26 05:00 PM;Neha Chauhan;Closed 03 Sep. Six passing cases re-run twice against dev227442 with fresh evidence records generated both times, and the three expected failures reproduced identically on each run. Confirms the retarget moved the pack cleanly and did not quietly change what is being asserted."
SP-91,Story,SP-4,Reconcile report totals against the widget for August,Tie the monthly cost figures in the report back to what the Manager Approval widget shows for the same month.,Divya Maram,Geetha Nallamada,High,Done,Done,reporting,Power BI,Sprint 7,3,01/Sept/26 10:00 AM,"03/Sept/26 05:00 PM;Divya Maram;Closed 03 Sep. Reconciled August across four reportees. Report and widget agree to the rupee. Worth recording why: both read the summary snapshot rather than live catalogue rates, so they cannot drift. The first reconciliation attempt was out by roughly double until the period type filter was applied, which is exactly the failure SP-46 exists to prevent."
SP-8,Epic,,Test engineering and CI foundations,"Automation harness, nightly pipeline and API-level contract tests, stood up ahead of feature work so the first widget had something to be tested by.",Swopneel,Geetha Nallamada,High,Done,Done,qa,testing,Sprint 0,,01/May/26 10:00 AM,"25/Aug/26 05:00 PM;Swopneel;Built in May, a month before the build team ramped. The point was to have the pipeline exist before the pressure did. Closed on rolling off. The harness is in the repo and runs without me."
SP-92,Story,SP-8,Test strategy and coverage model for the proof of concept,"Agree what is tested at which layer, and just as importantly what is deliberately not tested, before any code exists.",Swopneel,Geetha Nallamada,High,Done,Done,qa,testing,Sprint 0,5,01/May/26 10:00 AM,"29/May/26 05:00 PM;Swopneel;Three layers agreed with Geetha: API contract tests on the five tables, widget-driven journeys kept deliberately thin, and a nightly regression run. Most of what can go wrong in this application is data and rules, not clicks, so the thickest layer is the lowest one."
SP-93,Story,SP-8,Playwright and TypeScript harness skeleton,"One command runs a case end to end, the same code path in CI and on a developer machine.",Swopneel,Geetha Nallamada,High,Done,Done,qa,testing,Sprint 0,8,04/May/26 10:00 AM,"29/May/26 05:00 PM;Swopneel;Same code path headless and headed, so a failure a developer cannot reproduce locally is a real difference rather than a harness artefact."
SP-94,Subtask,SP-93,Deterministic data seeding through the Table API,Fixtures are created and torn down over the API rather than by driving the widget.,Swopneel,Swopneel,High,Done,Done,qa,testing,,,06/May/26 10:00 AM,29/May/26 05:00 PM;Swopneel;A test that has to click its own fixtures into place fails for the wrong reason and then gets ignored. Seeding goes through the Table API and every writing case reverses itself.
SP-95,Subtask,SP-93,Headless and headed run modes with artefact capture,"Screenshots, traces and console output captured on every run, not only on failure.",Swopneel,Swopneel,Medium,Done,Done,qa,testing,,,08/May/26 10:00 AM,29/May/26 05:00 PM;Swopneel;Capturing on success too costs almost nothing and means a regression can be compared against the last good run rather than guessed at.
SP-96,Subtask,SP-93,Nightly pipeline run against the development instance,"Scheduled run with results published, wired before there was anything to test.",Swopneel,Swopneel,Medium,Done,Done,qa,testing,,,12/May/26 10:00 AM,29/May/26 05:00 PM;Swopneel;Green on the first night because it tested nothing. Standing the pipeline up while the stakes were zero meant nobody had to debug CI during a release week.
SP-97,Story,SP-8,API-level contract tests for the five tables,"Assert the columns and types the application depends on, independently of any widget.",Swopneel,Geetha Nallamada,High,Done,Done,qa,testing,Sprint 0,8,11/May/26 10:00 AM,29/May/26 05:00 PM;Swopneel;If a column is renamed the suite names the column. Without this layer the first symptom is a widget rendering blank and somebody bisecting the template.
SP-98,Story,SP-8,Test credentials and environment handling,Harness reads the instance and login from a gitignored file; CI reads them from runner secrets.,Swopneel,Geetha Nallamada,Medium,Done,Done,qa,testing,Sprint 0,3,18/May/26 10:00 AM,29/May/26 05:00 PM;Swopneel;No credential has ever been in the repository and the harness fails with a clear message rather than a stack trace when the file is missing.
SP-100,Story,SP-5,Negative tests for every server-side refusal path,Drive each of the six paths where the server refuses a write and assert what the user is actually shown.,Swopneel,Geetha Nallamada,Highest,Done,Done,qa,testing,Sprint 2,5,26/Jun/26 10:00 AM,"03/Jul/26 05:00 PM;Swopneel;This suite is what surfaced SP-57. The refusal tests did not fail, which was the finding: the server refuses and the calendar repaints as though the write succeeded. Handed to Neha to raise, since a defect belongs to whoever can describe the user impact."
SP-99,Story,SP-5,Regression suite for the compensatory-off window,"Generated cases across the seven-weekday entitlement window, weighted to the awkward dates.",Swopneel,Geetha Nallamada,High,Done,Done,qa,testing,Sprint 3,8,08/Jul/26 10:00 AM,"17/Jul/26 05:00 PM;Swopneel;Seven weekdays means the interesting cases are the ones straddling a weekend or a holiday, so those are the ones generated rather than a uniform spread. Caught an off-by-one in the weekday count before it left Shashank branch."
SP-101,Story,SP-5,Selector resilience and a bounded retry policy,Pin the widget-driven cases to stable hooks and retry only on genuinely asynchronous waits.,Swopneel,Neha Chauhan,Medium,Done,Done,qa,testing,Sprint 4,5,22/Jul/26 10:00 AM,"31/Jul/26 05:00 PM;Swopneel;A flaky suite gets ignored and an ignored suite is worse than no suite. Retries are bounded and never mask an assertion failure, only a wait."
SP-102,Story,SP-5,Cross-browser run matrix,Run the widget-driven cases on more than one engine so a rendering assumption shows up early.,Swopneel,Neha Chauhan,Low,Done,Done,qa,testing,Sprint 5,5,05/Aug/26 10:00 AM,"14/Aug/26 05:00 PM;Swopneel;Chromium and WebKit. Firefox deliberately left out: the portal is not supported there, so a failure would be noise rather than a finding."
SP-103,Story,SP-5,Performance smoke on a month with a year of history behind it,Confirm month load does not degrade as submissions accumulate.,Swopneel,Geetha Nallamada,Medium,Done,Done,qa,testing,Sprint 6,5,18/Aug/26 10:00 AM,"25/Aug/26 05:00 PM;Swopneel;Month load stays under two seconds with a full year of data seeded behind it. No query in the calendar scales with history, which is worth knowing before a second year exists."
SP-104,Story,SP-5,Hand the automation harness over before rolling off,"Transfer the harness, the seeding path and the CI wiring to QA with a verified run from a clean checkout.",Swopneel,Geetha Nallamada,High,Done,Done,qa,testing,Sprint 6,3,19/Aug/26 10:00 AM,25/Aug/26 05:00 PM;Swopneel;Neha ran the whole pack from a clean checkout with me watching rather than me demonstrating it. Six passed and three failed as expected. Nothing the pack needs lives on my machine.
